,mpark-variant-version,cmake-version
26fvvinywdtazoywbbhjndmq6gt5vwu6,1.3.0,3.17.0
2elycdxcm7b4lqxz2lzq23fw6eid3ynt,1.4.0,3.14.2
2uu4qko7myi3jfwnpegze2rkbixrcjae,1.3.0,3.15.1
3226pogncg74lww6vker4ru525jghvhe,1.4.0,3.16.7
34sze4t4xetrpwn66372vs3m4tezby4v,1.4.0,3.13.0
3paupmlzgeqbyjwvb537ebczvp2m5sp4,1.3.0,3.13.2
3vwu4z52noiwol3mboddnnxcbpnr2cqy,1.4.0,3.19.2
45lzwg36igojzxbv23y7xoemm54bm6l5,1.4.0,3.19.6
4mcl4ztip3wabufcwdtzf3avy75quqlz,1.4.0,3.18.5
4x2uhl7gvlndy2e5x67flqlauz5lwl6n,1.3.0,3.18.0
57adwtv4is54uxfx4fps32zgjupqtys2,1.3.0,3.20.1
5bblppyl7bvy5ro45jsox6suzecn6adj,1.4.0,3.14.4
5hg4mhsuaatcayggf7xv7wfrhgmcnz2a,1.4.0,3.19.5
5mb3tomafbyykpqlvr5cv7muirmnsnre,1.3.0,3.15.0
63st74q6hhbkrmkbnjhtamkkntrdimwf,1.4.0,3.21.0
65ozmeien5mldzga5evfzc33c5g3357y,1.4.0,3.14.0
6a7sdofesvayqnxvstirkuqxi4qe4c3h,1.3.0,3.13.0
6jamfnhy5ahvdqt7uvra37fkebtdsme5,1.3.0,3.18.3
6ovuvf2hy4oraqevscjuhdnwpebj3gzo,1.4.0,3.12.3
6pdynx5bjql3xueztb3sjwbixqojmt6h,1.3.0,3.8.0
6u7ugzvmzzg3tm7jodjajb5kuaqhdiii,1.4.0,3.13.5
74t2ke7g6eudcrp6ghnwq7hjq7r74ihp,1.3.0,3.17.3
7poxqtrnykfrvcjpwpi26w5kxv3hb3tv,1.3.0,3.12.1
7ubg2v42g4vhefet3ieobwbkfij3nnyn,1.4.0,3.9.2
aewgogfdz6ikifks4f22plc3uxvqdahu,1.4.0,3.20.4
b7jn4zokzoodcmtml5f6nfvo4eyqcb5i,1.3.0,3.7.2
bbmafgtekewnrpijqdypg7fywr5sy4mj,1.3.0,3.14.0
bdo7i2x6ga6xumi4qhmpmyuxvvqhzsha,1.4.0,3.19.3
c44ipp4r3hlh5lukk3b6opiuw3ghuwx2,1.3.0,3.18.2
c5ehwcbisokx7arodtgud2fsinktqfov,1.4.0,3.18.3
c6rqs57ief7i6vlcpaeqowbweycwgtwl,1.4.0,3.16.6
cqcelvs35fgebr6k6nfsg3y7xwqwtgm3,1.3.0,3.13.4
crs3jrn4zpuaefgup6flac75qfpqiwaa,1.4.0,3.13.1
crybdqmrxbrvveswqau7guxgsuneoqbm,1.4.0,3.9.4
cwcme4fe3m2v224cmjlroxbj6wvjrbrg,1.3.0,3.19.1
dewvprojcg5c7eykpnwycwcsfyoiys7q,1.3.0,3.11.0
dhmnw5brteilsr557phlxr25rnogggbw,1.4.0,3.20.5
ebgjjx3mapu4j26poeks7cynbya2cdfv,1.3.0,3.15.2
ewcgkgwsccj4wy46zmgwfbq62thr4xh5,1.4.0,3.18.1
exosbrpd7gd4lalr4ulhnpr6d7mroo2b,1.3.0,3.20.0
f275tgklisrfaaw4gu3qjww5phdqioza,1.3.0,3.22.1
fc36r7apc66jvf5lgjtpbgdg2rbhnyxs,1.3.0,3.16.0
fnxm5qvf66czlexzu4huw5i5sq4ch52o,1.3.0,3.18.5
fu6s57i3ybtst5zdoe7rvbgwv3w4jpat,1.3.0,3.16.1
gr34pot4wpj53fpfjh2t5tcnkggdzp7k,1.4.0,3.17.4
haekmyqmklrptk6leugu2cbnhxf5udeu,1.3.0,3.11.2
hdtkccuhambgigycpy4jm7hd7sixejau,1.3.0,3.14.3
hkrev6keiefwacar7kwlhncos3mh42vo,1.4.0,3.17.5
hlmhiq23jkxowqf4wfauqwp6jbvjwsgu,1.3.0,3.12.0
hm3viiclkdfjjafxytzkb7uzifjnqdxx,1.4.0,3.17.1
hvr6aoyykfokcxicjwzfv3qowlc5y3nr,1.4.0,3.11.0
i5hdc5yrffxloi6bx63hrr7rnbgnr43r,1.3.0,3.19.5
ie5vrun7qqrr4l63rr4wa626qlrayagl,1.3.0,3.16.4
ijgtk3mw5dfueafvcb2cfyyvukr3myy3,1.3.0,3.8.2
injifonl6jj67rn3t4qslbmkeu6u54lt,1.3.0,3.15.6
is3r5ziv44sefp7zuz36i6o6fz547ynl,1.4.0,3.14.1
isa6v5yxsz3etltxukpbs6d7yxzmood3,1.4.0,3.19.0
j3ed5fayzca57et7oe2vudaudmtspquv,1.3.0,3.13.3
jl4ork5ni6h4qzmo6p3vu4uu2tn4ifsc,1.4.0,3.15.1
joekw6hkrcn4kils6mg6e5fjfthdsvur,1.3.0,3.21.3
jxyssnda7jquozzxg3i5c3el6k5jexgs,1.3.0,3.18.1
keh4uysxkjeas5v3viqqvscs5cayiuqj,1.4.0,3.11.4
kguhd654ytpp4mq32kls2vtr7mdekgeh,1.4.0,3.14.6
kmouad2vg2n4h5ihyyg3f3iptsj5yezh,1.3.0,3.21.0
kozmmln57bu2yl7yep6w5zcky2ej3fhx,1.4.0,3.19.1
ksvjxcfm46vocgawkvk7q3gddqvylwvc,1.3.0,3.19.4
kycktwzhb6g3li3jrw4guqa3osynvgiq,1.4.0,3.19.4
l3fhlvfuzp54d2arfryftjlg4qgdr3lu,1.3.0,3.16.9
lcvtnbmrwsg6bwpknytrhdyqisi2cp2c,1.4.0,3.7.1
m4ubo37wqgm6vy4chswgoaygphk5aykx,1.4.0,3.16.5
mc4j5f5qwg37xgyas37rjqloolljk6d5,1.3.0,3.19.8
mfna2fbs5nrqsfx3em3bhddqizd72w63,1.3.0,3.18.6
n4d3hrmfpmffajrvoio3ry4dtntvvscp,1.4.0,3.20.1
ntgu2fpi6i5ak62qqp5crumr4me5m4ck,1.3.0,3.21.1
o4nr3xyuipokmawhmoewcanx7yaxlczj,1.3.0,3.15.4
our7wiwmrugtvb5gnx7qotysiz7s2wnh,1.4.0,3.11.1
oxb5m54wpreakpf4pabrb3evoetmh4kg,1.4.0,3.11.2
p6a2jhdcgrszwro6asc4gqby3vsdaabv,1.3.0,3.10.0
piiiszjc2weledp66gjabhn4opj6sqpq,1.3.0,3.8.1
pik354vog57pag6zmb4nvq3exxlsw3co,1.3.0,3.16.6
pnjkru6q2iaxdfp2j45mbburw4rmsiuk,1.4.0,3.15.3
pnu4ua4sn274zh4n6r4o4wexju6drly5,1.3.0,3.17.5
pvhrm7ho5n2hdbzyq6m4e5kwr7edv5rp,1.4.0,3.12.2
qdhakdzdvhururvl7cr5fc4z5mlumh2n,1.3.0,3.9.4
qpxwnjwdv6nlvzqoogy35ou7kggg5z6y,1.3.0,3.20.3
r26waywphrcksam5k4ivfq7adjfaxiww,1.4.0,3.20.3
r67fm7gpdmpymodikozomjmefsdeuxr3,1.3.0,3.20.2
rgpcxneoul74e3ibc4cfmmomihhzf2ra,1.4.0,3.12.4
rj5hjlbaeegbktu53o6i6t7prfia7hmm,1.3.0,3.10.2
rporc3qjyeb64hpvgckr523wuwinss7j,1.4.0,3.20.0
rsetynlgkw5j3ygytiwlvqkkjfyrpff2,1.4.0,3.12.0
s4qcq2thwyyisrl4xe27btydz4bn4a7y,1.4.0,3.16.8
spqu3hr53vxdsibyqbszxpmwb4ryc3yi,1.3.0,3.9.2
trlpqq7uuhkj66kttuyox35ooyguca5q,1.3.0,3.15.5
uaj6qvwaoqym552wypmqpeevc3xhmwqj,1.3.0,3.16.3
ump76y6lqro5zzlu56lubihs3vuqwbe4,1.4.0,3.21.2
umx74hidahtfdlixg5d6jwkxoocxetil,1.3.0,3.14.1
upem6bga6kvsjmtlodom2h67wmv34p4p,1.3.0,3.17.4
uti4deisqqykxhm7zxuznxbvpgqwf2z6,1.3.0,3.13.5
uupqmggbbgd5wn7rysclwm7sp73avlsy,1.4.0,3.20.2
uwdsqn6l44ebei6lxsbm3cteu3uvn22n,1.4.0,3.17.0
v66buzt3sjxn2u5w3za2wp3ldpyilwao,1.3.0,3.16.8
vssz7mxdq3v4bm5ac5kdidp6thr2isie,1.3.0,3.10.1
vtar35sqrmdnvw4wtwojpmstt2hqg4og,1.3.0,3.16.7
vyhfttu2noiflgtyy3seazpwj3ndjd7o,1.4.0,3.15.5
w2jm35x4rrdm2vnf7oq7kipvva4fx54h,1.3.0,3.7.1
wenlmiahjejqlpqgid7oflfxon4mvaxq,1.4.0,3.12.1
wgaojcpawjg6fht2rsj2aq63snuhvt4q,1.3.0,3.14.7
wsxje6jfh4yhpfmvvq6om53tevslg2g3,1.3.0,3.20.4
wtxlvihspfuaepoyivvjmn7mkhdy26hd,1.4.0,3.18.6
xdmvu3mbngqf6gzhgt6dl4dbwjdqekor,1.4.0,3.15.4
xelfhwpxl5n43he377adhvoobbcyzilp,1.4.0,3.22.1
xfdpizg2uacxhbwyfrvqd6neahaj4u6v,1.4.0,3.15.0
xma6zpx3thfa2hzckxtlcfjsslblpdgs,1.3.0,3.10.3
xqdgc6mntm7ssqixdscqgyqxb4iypj4i,1.3.0,3.19.7
xzo7dtsnj2hyf5nyotjialqir46c7rul,1.4.0,3.8.2
ybd4c7vra7lwdrknc3xh26cigdoqnmkl,1.3.0,3.9.6
ygluwzeukujkoyz2adlze5qnl4tgbyo4,1.4.0,3.10.2
ymvud2hjlr7bm5tqe4twk7w3tadfzcj5,1.3.0,3.12.4
yt6don5wxfqxqanpj7ypteshnpfoobz2,1.4.0,3.9.6
yy2g2vmfi3gqehamtkl5vvmvbr276bmw,1.4.0,3.8.1
zdvkylyvrsp5felvgx2t46pbt2aravkt,1.4.0,3.16.9
zednambptdrcgojmyn2hndhiww5nnaar,1.4.0,3.19.8
zeivxyo5odb2ydaqpcavt4yyevfyn37c,1.3.0,3.19.6
zmzbp7jq2vs3rhzwasm4fgkv45ejujre,1.4.0,3.15.7
zqt47y4e5gb7ybbxmdmc7vwtwwnmvxlt,1.4.0,3.14.7
3fgynmuquwkaw736z63nkokm7kzxb6co,1.3.0,3.15.3
3mjhpx2ijkqjyftz23k3psjipqtqt66f,1.3.0,3.21.2
3udfcvuwdimoh6loaxsjuoaxljyl43cr,1.3.0,3.12.3
4bsrweazpuw2f7o4n5e6h66a22oxezgp,1.3.0,3.14.5
4ew7ygcys6ork6zwifzpsdblh6q5wjn3,1.4.0,3.9.0
4hv4gnpxdyejsxsngmt6ym7dsyfoos66,1.3.0,3.11.1
5khadkc7mcwry3ooeysxrqwmluaws4zt,1.4.0,3.13.2
5ljjsem24vsfsbi6mvo6aeo52cvt6v65,1.4.0,3.18.4
5lx5536hrgiqd7iq5mtznmwqboade57w,1.4.0,3.10.3
6s7pmokmvj6dli5276izpd5jlubr6xnh,1.3.0,3.14.6
75o5ilkmzg6ox4t3wsjb4txtexcry3qx,1.3.0,3.4.3
76abxjip4qxc5kiwksdqdihi6ahkgzj5,1.3.0,3.0.2
a66ikpvw7wqcwca4l2uw45ta3tlrl3hb,1.4.0,3.18.0
a7ojuxrgg5stc4k65ffp2u7xwupzr72c,1.4.0,3.13.4
add7jc3vlonjl2l2lu7jfstidwilxo2f,1.4.0,3.10.0
alavcid7hggtfb7y6bbecax4ku5zvogl,1.3.0,3.14.4
amdkh3drrdegwzfsmuqmw2pypwxp26nw,1.4.0,3.16.3
bya3d7335lfhffmq4hgxwoyopsvqj73q,1.3.0,3.5.0
byr7hznmu24x6q5aeixn7fhuqtb2uzlf,1.4.0,3.14.5
cfakgga7bkk5j7yacsdi7zxdupfl7sij,1.4.0,3.16.4
cirhm3zvq2vgm3j7fz7ohqqwb7cbxvhi,1.4.0,3.13.3
eclhg6hploxm7f2wu23oc3prcucmzl5p,1.3.0,3.12.2
ef3244gvngyhjhhofha6bksrtfuzykcy,1.3.0,3.11.4
emvem2d2xyzrrcn73krptcgtj5ptbsmn,1.4.0,3.19.7
er46yqgcjzrvdabi7d3h5pbtox3dsptg,1.3.0,3.14.2
ewkxflwypmc53djvdtgi7eretpjdek4v,1.3.0,3.11.3
fdv3fqcqhyelp3adgbe3x4boy5gkhd6n,1.4.0,3.16.2
fossnfdnfyzxjwitfvxt5mdccbh22qfn,1.3.0,3.9.0
gckop5g2azuydjz3vfxay4cjk6uefr4e,1.4.0,3.5.0
ghniv7b5ahnzkatej24zjjv7torzlxe6,1.4.0,3.21.1
guwviznhcdl2g3j6vg5tj4jghcwtzrip,1.3.0,3.20.5
gzaeoskkvswhyhkbxnuxsj3bqvsol3ib,1.4.0,3.4.0
hllxhqwmwxoffxmcycgrz2zprauic43f,1.4.0,3.17.3
hom3xbmigjotyiutygsppgplqfl5e32k,1.4.0,3.21.3
hsrydqk37gdavxbv4altf3cbv3gclqwh,1.4.0,3.10.1
i6oq7fopv6dz2nbwguupo3c3ajthvzgt,1.4.0,3.7.2
iwedzh2qlcjeraiaqylflt2c5huw7py4,1.3.0,3.16.5
iyo2ulejaclxsb7wbmhotjhm6hcr5pf5,1.4.0,3.0.2
k7moonduawd2hic6gtiaocy23iuxsk6d,1.3.0,3.4.0
l5b5b2dsk6pepn2hhrely5rtmdxvecef,1.4.0,3.4.3
lrjzi6gqoxs7yvuj75ygku6gpmybbnyi,1.3.0,3.6.1
mbftqaz6whiwt6gyfxabulmgjz7bok2j,1.4.0,3.18.2
oetwqulbcxxreentpdlpqfalrlbqfjrt,1.3.0,3.19.0
okgaa6h334camu3q7qwswob3qdde5qam,1.4.0,3.15.2
orgrncfijtgky5gleoqxgxliepz6ho7y,1.3.0,3.19.2
pooruuywytmijtpwsm52xmi73b3vje7i,1.3.0,3.16.2
pqxu3tls4fvdcw4x77s2b4nrht65zj4r,1.3.0,3.17.1
q4g5zd7l4yzenuhyke7d76vhiazauxwx,1.4.0,3.16.1
qir2xe3iugbrg3l4gzbvcx5ahiyvltni,1.3.0,3.6.0
qj6uldpgfemxdb54xwqbeckdbtnjfqts,1.3.0,3.3.1
qn44cuxt33fizz2l5d2s3fynaollny2v,1.3.0,3.18.4
qumlgvlogsr3tf3otwkrpruvjepwveky,1.3.0,3.1.0
r4vztbbzm4ugvts72oghw4cutbim2obj,1.4.0,3.1.0
rm4jdyse7ltb56lmmi33fvyslwvvpprl,1.4.0,3.11.3
rn734ierellnrs35h7rdlhsrw4ivawsl,1.4.0,3.16.0
rs3pd7dgcnatcdzttuucpdtx75qo6d7o,1.4.0,3.5.1
rystnf4vh7czjbun7xsupcdspssxvloi,1.4.0,3.6.0
rzs5uxltmbdt773npbyrzriq2bgeah4u,1.4.0,3.6.1
t4wy5c76y75z76rfzmj5sjawnahxank5,1.4.0,3.3.1
tjvrt4s2lgjtzoz3hu3gihhuxaioqpum,1.3.0,3.5.2
tu56ti5ggq2sexo727nyob7ttzldubqx,1.4.0,master
uljksb3i7hxu3pbhq2ttuvy66akmf7n5,1.3.0,3.13.1
v7l6qucpq2gyspd5ldntotw4w3paplyo,1.3.0,master
vmt6aob3qzy3rgq22mtidgj7b5w45wi2,1.3.0,3.19.3
x7hg5rlp5rmjrwe6k2n2p34d3bmu6uyb,1.3.0,3.15.7
xpete53yk4omlzctn5vnbct44a6vnty2,1.3.0,3.5.1
y3tk6s5vha7uflsz2fcewo3k3o2hjnqz,1.4.0,3.15.6
zbrtqqadtiisec5hqkqbo52mqklm3mxg,1.4.0,3.5.2
zqjppkmrr7dsbrs4ihh3mtlsffu7yuea,1.4.0,3.8.0
zy64yp6wo4t5ydeiqkp5oseuvcwwwowk,1.4.0,3.14.3
